nombre,viaf,elem,nacimiento,muerte,lugar_de_nacimiento,lugar_de_muerte,sexo,notas
"Campos, Rubén M. ",54320468,180,1876,1945,"Guanajuato, Guanajuato",Ciudad de México,masculino,
"Delgado, Rafael",9935416,287,1853,1914,"Córdoba, Veracruz","Veracruz, Veracruz",masculino,
"Díaz Dufoo, Carlos",48832417,297,1861,1941,"Veracruz, Veracruz",Ciudad de México,masculino,
"Frías, Heriberto",56646663,377,1870,1925,"Querétaro, Querétaro","Tizapán, Ciudad de México",masculino,
"Gante, Carlos de",313557310,391,1864,1936,"Tecali, Puebla","Puebla, Puebla",masculino,
"González Martínez, Enrique",79039358,464,1871,1952,"Guadalajara, Jalisco",Ciudad de México,masculino,
"González Obregón, Luis",69711617,467,1865,1938,"Guanajuato, Guanajuato",Ciudad de México,masculino,
"López Portillo y Rojas, José",29564117,607,1850,1923,"Guadalajara, Jalisco",Ciudad de México,masculino,
"Nervo, Amado",97487,764,1870,1919,"Tepic, Nayarit","Montevideo, Uruguay",masculino,
"Romero de Terreros y Vinent, Manuel",120701064,951,1880,1968,Ciudad de México,Ciudad de México,masculino,
"Rubín, Luis G.",223145196,961,1837,1922,"Querétaro, Querétaro","NA, NA",masculino,
"Salado Álvarez, Victoriano",7475794,977,1867,1931,"Teocaltiche, Jalisco",Ciudad de México,masculino,
"Tablada, José Juan",51792179,1037,1871,1945,Ciudad de México,"Nueva York, EUA",masculino,
"Torres Quintero, Gregorio",8489171,1065,1865,1934,"Colima, Colima",Ciudad de México,masculino,
"Valenzuela, Jesús E.",54083138,1101,1856,1911,"Guanaceví, Durango",Ciudad de México,masculino,
"Valle Arizpe, Artemio de",27846182,1106,1888,1961,"Saltillo, Coahuila",Ciudad de México,masculino,
"Altamirano, Ignacio Manuel",4968421,1211,1834,1893,"Tixtla, Guerrero","San Remo, Italia",masculino,
"Bolaños Cacho, Miguel",53352898,1260,1869,1938,"Oaxaca, Oaxaca","San Diego, EUA",masculino,
"Gamboa, Federico",61671056,2237,1864,1939,Ciudad de México,Ciudad de México,masculino,
"Mateos, Juan A. ",39423998,2505,1831,1913,Ciudad de México,Ciudad de México,masculino,
"Parra, Porfirio",12214530,2561,1855,1912,"Chihuahua, Chihuahua",Ciudad de México,masculino,
"Paz, Irineo",175416602,2563,1836,1924,"Guadalajara, Jalisco",Ciudad de México,masculino,
"Prieto, Guillermo",2558888,2589,1818,1897,Ciudad de México,Ciudad de México,masculino,
"Rabasa Estebanell, Emilio",34493943,2610,1856,1930,"Ocazacuautla, Chiapas",Ciudad de México,masculino,
"San Juan, Manuel H. ",160020168,2719,1864,1917,"Oaxaca, Oaxaca",Ciudad de México,masculino,
"Sánchez Mármol, Manuel",61593104,2725,1839,1912,"Conduacán, Tabasco",Ciudad de México,masculino,
"Acuña, Manuel",39414418,2849,1849,1873,"Saltillo, Coahuila",Ciudad de México,masculino,
"Aguilar y Marocho, Ignacio",309614874,2852,1813,1884,"Morelia, Michoacán",Ciudad de México,masculino,
"Alamán y Mascalada, Lucas",62295702,2853,1792,1853,"Guanuajuato, Guanajuato",Ciudad de México,masculino,
"Alcaraz, Ramón Isaac",59008110,2856,1823,1886,"Morelia, Michoacán",Ciudad de México,masculino,
"Almazán, Pascual",7476121,2866,1813,1885,"Puebla, Puebla","Puebla, Puebla",masculino,
"Almonte, Juan Nepomuceno",3973260,2867,1802,1869,"Caracuáro, Michoacán","París, Francia",masculino,
"Arango y Escandón, Alejandro",89023109,2889,1821,1883,"Puebla, Puebla",Ciudad de México,masculino,
"Barazabal, Mariano",165554425,2901,1772,1807,"Taxco, Guerrero",Ciudad de México,masculino,
"Bolaños, Joaquín",68959544,2918,1741,1796,"NA, NA","NA, NA",masculino,portentosa vida de la muerte
"Calderón de la Barca, Marquesa de",34451114,2928,1806,1882,"Edimburgo, Escocia","Madrid, España",femenino,extranjero
"Calderón y Beltrán, Fernando",71427669,2929,1809,1845,"Guadalajara, Jalisco","Ojo Caliente, Zacatecas",masculino,
"Campo, Angel del",71478091,2932,1868,1908,Ciudad de México,Ciudad de México,masculino,
"Carreto, Rosa",23814843,2934,1846,1899,Ciudad de México,Ciudad de México,femenino,
"Carrillo y Ancona, Crescencio",72745738,2935,1836,1897,"Izamal, Yucatán","Lero, Yucatán",masculino,
"Casasús, Joaquín Demetrio",114626737,2938,1858,1916,"Frontera, Tabasco","Nueva York, EUA",masculino,
"Castera, Pedro",73940156,2941,1838,1906,Ciudad de México,Ciudad de México,masculino,
"Collado, Casimiro del",70999502,2956,1822,1898,"Santander, España",Ciudad de México,masculino,extranjero
"Córdoba, Tirso Rafael",16223927,2959,1838,1889,"Morelia, Michoacán","Puebla, Puebla",masculino,
"Couto, José Bernardo",70025777,2965,1803,1862,"Orizaba, Veracruz",Ciudad de México,masculino,
"Cuéllar, José Tomás de",54234356,2967,1830,1894,Ciudad de México,Ciudad de México,masculino,
"Chavero, Alfredo",77623420,2970,1841,1906,Ciudad de México,Ciudad de México,masculino,
"Dávalos, Balbino",18901900,2972,1866,1951,"Colima, Colima",Ciudad de México,masculino,
"Delgado, Juan B.",2378896,2973,1868,1929,"Querétaro, Querétaro",Ciudad de México,masculino,
"Díaz Covarrubias, Juan",24826957,2975,1837,1859,"Xalapa, Veracruz",Ciudad de México,masculino,
"Díaz Mirón, Salvador",4939372,2977,1853,18928,"Veracruz, Veracruz","Veracruz, Veracruz",masculino,
"Escobedo Tinoco, Federico",268727779,2988,1874,1949,"Salvatierra, Guanajuato","Puebla, Puebla",masculino,
"Esteva, Gonzalo A.",63771813,2992,1843,1927,"Veracruz, Veracruz","Roma, Italia",masculino,
"Esteva, José María",56534761,2993,1818,1904,"Veracruz, Veracruz","Xalapa, Veracruz",masculino,
"Esteva, Roberto A.",21360533,2994,1844,1899,"Veracruz, Veracruz","Xalapa, Veracruz",masculino,
"Estrada y Zenea, Ildefonso",16490752,2996,1826,1911,"NA, Cuba","NA, NA",masculino,
"Fernández de San Salvador, Agustín Pomposo",12179487,3003,1756,1842,"Toluca, Estado de México",Ciudad de México,masculino,
"Fernández Granados, Enrique",31808912,3004,1867,1920,Ciudad de México,Ciudad de México,masculino,
"Frías y Soto, Hilarión",228384147,3013,1831,1905,"Querétaro, Querétaro",Ciudad de México,masculino,
"García Icazbalceta, Joaquín",2550751,3020,1825,1894,Ciudad de México,Ciudad de México,masculino,
"Gómez de Avellaneda, Gertrudis",76328537,3028,1814,1873,"NA, Cuba","Madrid, España",masculino,
"Gómez de la Cortina, José",88751850,3029,1799,1860,Ciudad de México,Ciudad de México,masculino,
"González Bocanegra, Francisco",24510997,3036,1824,1861,"San Luis Potosí, San Luis Potosí",Ciudad de México,masculino,
"Gorostiza, Manuel Eduardo",12376486,3039,1789,1851,"Veracruz, Veracruz",Ciudad de México,masculino,
"Granados Maldonado, Francisco",9580856,3040,NA,1872,"NA, NA","Chilpancingo, Guerrero",masculino,
"Gutiérrez Nájera, Manuel",27095815,3044,1859,1895,Ciudad de México,Ciudad de México,masculino,
"Heredia y Heredia, José María",56682317,3048,1803,1839,"Santiago, Cuba",Ciudad de México,masculino,extranjero
"Icaza, Francisco A. de",44385271,3056,1863,1925,Ciudad de México,"Madrid, España",masculino,
"Inclán, Luis G.",30739492,3057,1816,1875,Ciudad de México,Ciudad de México,masculino,
"Lacunza, José María",19228128,3064,1809,1869,Ciudad de México,"La Habana, Cuba",masculino,
"Lafragua, José María",15883957,3066,1813,1875,"Puebla, Puebla",Ciudad de México,masculino,
"Leduc, Alberto",14789668,3072,1867,1908,"Querétaro, Querétaro",Ciudad de México,masculino,
"Malanco, Luis",9237536,3090,1831,1888,"Zumpango, Estado de México",Ciudad de México,masculino,
"Manterola, Ramón",4855214,3091,1848,1901,"Tepeji del Río, Hidalgo",Ciudad de México,masculino,
"Mariscal, Ignacio",14369151,3093,1829,1910,"Oaxaca, Oaxaca",Ciudad de México,masculino,
"Marroquí, José María",87096488,3097,1824,1989,Ciudad de México,Ciudad de México,masculino,
"Martínez Dolz, Félix",308248880,3106,1873,1963,"Oaxaca, Oaxaca","Oaxaca, Oaxaca",masculino,
"Martí y Pérez, José",73865537,3107,1853,1895,"La Habana, Cuba","Boca de dos Ríos, Cuba",masculino,extranjero
"Michel, Alberto",18834228,3117,1867,1947,"Sombrerete, Zacatecas","NA, NA",masculino,
"Montes de Oca y Obregón, Ignacio",54462279,3120,1849,1921,"Guanajuato, Guanajuato","Nueva York, EUA",masculino,
"Morales, Juan Bautista",34320914,3121,1788,1856,"Guanajuato, Guanajuato",Ciudad de México,masculino,
"Murga, Gonzalo de ",36666834,3127,1869,1934,"Marquina, España","Santo Domingo, Oaxaca",masculino,extranjero
"Novelo, José Inés",96898329,3133,1868,1956,"Valladolid, Yucatán",Ciudad de México,masculino,
Modesto Olaguíbel- Francisco,45655975,3135,1874,1924,Ciudad de México,Ciudad de México,masculino,
"Olaguibel, Francisco Modesto de",45655975,3135,1874,1924,Ciudad de México,Ciudad de México,masculino,
"Olaguíbel, Manuel de",7559890,3136,1845,1900,Ciudad de México,Ciudad de México,masculino,
"Olavarría y Ferrari, Enrique de",12448840,3137,1844,1918,"Madrid, España",Ciudad de México,masculino,extranjero
"Ortiz, Luis Gonzaga",241717241,3143,1832,1894,Ciudad de México,Ciudad de México,masculino,
"Othon, Manuel José",51709430,3146,1858,1906,"San Luis Potosí, San Luis Potosí","San Luis Potosí, San Luis Potosí",masculino,
"Pagaza, Joaquín Arcadio",49283950,3147,1839,1918,"Valle de Bravo, Estado de México","Xalapa, Veracruz",masculino,
"Payno y Flores, Manuel",44318162,3152,1820,1894,Ciudad de México,Ciudad de México,masculino,
"Peña y Reyes, Antonio de la",310547248,3155,1869,1928,Ciudad de México,Ciudad de México,masculino,"estuvo en el exilio, publicó en Renacimiento"
"Peón Contreras, José",66552577,3157,1843,1907,"Mérida, Yucatán","Mérida, Yucatán",masculino,
"Pérez Verdia, Antonio",9637007,3166,1828,1875,"Guadalajara, Jalisco","Guadalajara, Jalisco",masculino,
"Peza, Juan de Dios",29553746,3170,1852,1910,Ciudad de México,Ciudad de México,masculino,
"Pimentel, Francisco",52058380,3171,1832,1893,"Aguascalientes, Aguascalientes",Ciudad de México,masculino,
"Pizarro, Nicolás",75772218,3173,1830,1895,Ciudad de México,Ciudad de México,masculino,
"Portilla, Anselmo de la",233035714,3177,1816,1879,"Sobremazas, España",Ciudad de México,masculino,extranjero
"Prieto de Landázuri, Isabel",78617559,3178,1833,1876,"Alcázar de San Juan, España","Hamburgo, Alemania",femenino,extranjero
"Quintana Roo, Andrés",33129094,3181,1787,1851,"Mérida, Yucatán",Ciudad de México,masculino,
"Ramírez, Ignacio",27110128,3182,1818,1879,"San Miguel el Grande, Guanajuato ",Ciudad de México,masculino,
"Ramírez Álvarez, José Fernando",49311514,3184,1804,1871,"Hidalgo del Parral, Chihuahua","Bonn, Alemania",masculino,
"Rivera Cambas, Manuel",14061027,3192,1840,1917,"Xalapa, Veracruz",Ciudad de México,masculino,
"Roa Bárcena, José María",97460,3196,1827,1908,"Xalapa, Veracruz",Ciudad de México,masculino,
"Rodríguez Galván, Ignacio",17242899,3204,1816,1842,"Tizayuca, Hidalgo","La Habana, Cuba",masculino,
"Rosas Moreno, José",36819526,3207,1838,1883,"Lagos de Moreno, Jalisco","Lagos de Moreno, Jalisco",masculino,
"Ruiz Álvarez, Eduardo",100918931,3210,1839,1902,"Paracho, Michoacán","Uruapan, Michoacán",masculino,
"Sánchez de Tagle, Francisco Manuel",29405192,3211,1782,1843,"Morelia, Michoacán",Ciudad de México,masculino,
"Santacilia, Pedro",35923557,3214,1826,1910,"Santiago de Cuba, Cuba",Ciudad de México,masculino,
"Sierra Méndez, Justo",36989647,3222,1848,1912,"Campeche, Campeche","Madrid, España",masculino,
"Sierra Méndez, Santiago",2697576,3223,1850,1880,"Campeche, Campeche",Ciudad de México,masculino,
"Sierra O'Reilly, Justo",56696380,3224,1814,1861,"Taixacacaltuyú, Yucatán","Mérida, Yucatán",masculino,
"Sosa, Francisco",54234683,3226,1848,1925,"Campeche, Campeche",Ciudad de México,masculino,
"Tenorio Zavala, Gertrudis",36692076,3231,1844,NA,"Mérida, Yucatán","NA, NA",femenino,
"Tornel y Medivil, José María",9689073,3234,1797,1853,"Orizaba, Veracruz",Ciudad de México,masculino,
"Urbina, Luis G.",44335205,3243,1864,1934,Ciudad de México,"Madrid, España",masculino,
"Urueta, Jesús",29110385,3244,1867,1920,"Chihuahua, Chihuahua","Buenos Aires, Argentina",masculino,
"Valdovinos, Mucio",309621490,3253,1808,1854,"Morelia, Michoacán","Morelia, Michoacán",masculino,
"Valle, Eduardo del",3254,3254,1843,1910,"Puebla, Puebla",Ciudad de México,masculino,
"Vigil, José María",88046602,3264,1829,1909,"Guadalajara, Jalisco",Ciudad de México,masculino,
"Wright de Kleinhaus, Laurena",66232736,3269,1846,1896,"Taxco, Guerrero",Ciudad de México,femenino,
"Zarco, Francisco",72205778,3273,1829,1869,"Durango, Durango",Ciudad de México,masculino,
"Zorrilla, José",31991713,3277,1817,1893,"Valladolid, España","Madrid, España",masculino,extranjero
"Baranda, Joaquín",16455408,3613,1840,1909,"Mérida, Yucatán",Ciudad de México,masculino,
"Riva Palacio, Vicente",54185176,3826,1832,1896,Ciudad de México,"Madrid, España",masculino,
"Rodríguez del Castillo, José Mariano",250542401,4062,NA,NA,"Guanajuato, Guanajuato","NA, NA",NA,
"Martínez de Castro, Luis",44023179,4442,1819,1847,Ciudad de México,Ciudad de México,masculino,
" Peña, Rafael Ángel de la",59207262,4567,1837,1906,Ciudad de México,"Zacatecas, Zacatecas",masculino,
"Martínez de Navarrete, José Manuel",97252,15136,1768,1809,"NA, NA","NA, NA",masculino,
"Martínez de Navarrete, José Manuel",97252,15136,1768,1809,"Zamora, Michoacán","Tlaltpujahua, Michoacán",masculino,
"Ortega, Eulalio María",45924682,107054,NA,NA,"NA, NA","NA, NA",masculino,
"Sánchez de la Barquera Morales, Juan María Wenceslao",309787356,NA,1179,1840,"NA, Querétaro","NA, NA",masculino,
"Castro, José Agustín",6584379,NA,1730,1814,"Valladolid, Michoacán","NA, NA",masculino,
"Larrañaga, Bruno Francisco",287435145,NA,1746,1816,"Real de Asientos, Zacatecas",Ciudad de México,masculino,
"Pichardo, José Antonio",78018894,NA,1748,1812,"Cuernava, Morelos",Ciudad de México,masculino,
"Azcarate  y Ledesma, Juan Francisco",53170080,NA,1763,1831,Ciudad de México,Ciudad de México,masculino,
"Mier, Servando Teresa de",9880749,NA,1763,1827,"Monterrey, Nuevo León",Ciudad de México,masculino,
"Guridi y Alcocer, José Miguel",58183915,NA,1763,1828,"San Felipe Ixtacuiztla, Tlaxcala",Ciudad de México,masculino,
"Carrillo y Pérez, Ignacio",50560367,NA,1765,1820,Ciudad de México,"NA, NA",masculino,
"Quintana, José Matías",12062801,NA,1767,1841,"Mérida, Yucatán",Ciudad de México,masculino,
"Cordova, Matías de",67832177,NA,1768,1828,"Tapachula, Chiapas","Chiapa de Corso, Chiapas",masculino,
"Vázquez y Sánchez, Francisco Pablo",58945595,NA,1769,1847,"Atlixco, Puebla","Cholula, Puebla",masculino,
"Bustamante, Carlos María de",32077133,NA,1774,1848,"NA, NA","NA, NA",masculino,
"Torre Lloreda, Manuel",58156263,NA,1776,1836,"Pátzcuaro, Michoacán","Pátzcuaro, Michoacán",masculino,
"Mendizabal y Zubialdea, Luis",51554374,NA,1776,1834,"San Luis Potosí, San Luis Potosí","NA, NA",masculino,
"Fernández de Lizardi, José Joaquín",73,NA,1776,1827,Ciudad de México,Ciudad de México,masculino,
"Fernández de Córdoba, Ignacio",71,NA,1777,1816,"Valladolid, Michoacán","Valladolid, Michoacán",masculino,
"Busto, Francisco del",4,NA,1780,1822,"Orizaba, Veracruz","Tehuacán, Puebla",masculino,
"Bergaño y Villegas, Simón",73529171,NA,1781,1828,"NA, Guatemala","NA, NA",masculino,
"Ochoa y Acuña, Anastasio María",73009362,NA,1783,1833,"Huichapan, Hidalgo",Ciudad de México,masculino,
"Martínez de Lejarza, Juan José",33365981,NA,1785,1824,"Morelia, Michoacán",Ciudad de México,masculino,
"Lerdo de Tejada, Ignacio",53767799,NA,1786,1861,"Logroño, España",Ciudad de México,masculino,
"Aviraneta e Ibargoyen, Eugenio",72201411,NA,1790,1872,"País Vasco, España","Madrid, España",masculino,
"Carpio, Manuel",43390035,NA,1791,1860,"Cosamaloapan, Veracruz",Ciudad de México,masculino,
"Hassey, Oloardo",88716994,NA,1791,1888,"Berlin, Alemania",Ciudad de México,masculino,
"Villavivencio, Pablo de",169,NA,1792,1832,"Mineral del Rosario, Sinaloa","Toluca, Estado de México",masculino,
"Ortega, Francisco",6615659,NA,1793,1849,Ciudad de México,"NA, NA",masculino,
"Ortega Martínez, Francisco",6615659,NA,1793,1849,Ciudad de México,Ciudad de México,masculino,
"Fernández del Castillo, Pedro",66076736,NA,1794,1865,"Guanajuato, Guanajuato","NA, NA",masculino,
"Bassoco y Castañiza, José María de",23755968,NA,1795,1877,"Madrid, España",Ciudad de México,masculino,
"Rodríguez, Juan",26978740,NA,1798,1848,NA,NA,masculino,
"Zerecero, Anastasio",2516372,NA,1799,1875,Ciudad de México,Ciudad de México,masculino,
"Pesado, José Joaquín",63665754,NA,1801,1861,"San Agustín del Palmar, Puebla",Ciudad de México,masculino,
"Castillo y Lanzas, Joaquín María de",19325831,NA,1801,1878,"Xalapa, Veracruz",Ciudad de México,masculino,
"Alpuche, Wenceslao",51310813,NA,1804,1841,"Tihosuco, Yucatán","Tekax, Yucatán",masculino,
"Castillo Lenard, Jerónimo",54,NA,1804,1866,"Mérida, Yucatán","Mérida, Yucatán",masculino,
"Rosa, Luis de la",154,NA,1804,1856,"Mineral de Pinos, Zacatecas",Ciudad de México,masculino,
"Barbachano y Tarrazo, Manuel",53735489,NA,1806,1864,"Campeche, Campeche","Mérida, Yucatán",masculino,
"Chevalier, Michel",51933,NA,1806,1879,"NA, Francia","NA, Francia",masculino,extranjero
"Caserta Cañedo, Juan José",52,NA,1806,1875,"Guadalajara, Jalisco","Guadalajara, Jalisco",masculino,
"Río de la Loza, Leopoldo",45471389,NA,1807,1876,"NA, NA","NA, NA",masculino,
"Guzmán, Francisco de P.",96,NA,1807,1844,"NA, NA",Ciudad de México,masculino,
"Larráinzar, Manuel ",72928575,NA,1809,1884,"NA, NA","NA, NA",masculino,
"Díaz, José de Jesús",59,NA,1809,1846,"Xalapa, Veracruz","Puebla, Puebla",masculino,
"Lacunza, José Nepomuceno",105,NA,1812,1843,Ciudad de México,Ciudad de México,masculino,
"García Gutiérrez, Antonio",49268080,NA,1813,1884,"Chiclana, España","Madrid, España",masculino,extranjero
"Duplessis, Paul",61788768,NA,1815,1865,"Rennes, Francia","París, Francia",masculino,
"Orozco y Berra, Manuel",55283950,NA,1816,1881,"NA, NA","NA, NA",masculino,
"Pérez Salazar, Manuel",NA,NA,1816,1871,"Puebla, Puebla","Puebla, Puebla",masculino,
"Araujo, Guadalupe",39,NA,1816,1896,"Morelia, Michoacán","Morelia, Michoacán",masculino,
"Martínez, Miguel Jerónimo",118,NA,1816,1870,"Huejotzingo, Puebla","Puebla, Puebla",masculino,
"Seran, Carlos Hipolito",158,NA,1816,NA,"NA, NA","Guadalajara, Jalisco",masculino,
"Otero, Mariano",12489725,NA,1817,1850,"Guadalajara, Jalisco",Ciudad de México,masculino,
"Calero Quintana, Vicente",108089295,NA,1817,1853,"Mérida, Yucatán","Mérida, Yucatán",masculino,
"Oliver Casares, José María",132,NA,1817,1887,"Campeche, Campeche","Campeche, Campeche",masculino,
"Noriega, Eduardo",240480130,NA,1818,1914,Ciudad de México,Ciudad de México,masculino,
"Ortiz, Gabino",136,NA,1819,1885,"Jiquilpan, Michoacán","Morelia, Michoacán",masculino,
"Correa, Limbano",266453846,NA,1820,1884,"Cacaos, Tabasco","Villahermosa, Tabasco",masculino,
"Zamacois, Niceto de",4410979,NA,1820,1885,"Bilbao, España",Ciudad de México,masculino,
"Alarcón, Pedro N.",44090661,NA,1821,1898,"Puebla, Puebla","NA, NA",masculino,
"Díaz Mirón, Manuel",58,NA,1821,1895,"Veracruz, Veracruz","Veracruz, Veracruz",masculino,
"Osorno Fiandes, Mariano",137,NA,1821,19NA,Ciudad de México,"NA, NA",masculino,
"Segura Montes, José Sebastián",73493392,NA,1822,1889,"Córdoba, Veracruz",Ciudad de México,masculino,
"Orozco y Berra, Fernando",55283950,NA,1822,1851,"San Felipe del Progeso, Estado de México","NA, NA",masculino,
"Márquez de León, José Manuel María",1467992,NA,1822,1890,"San Antonio, Baja California Sur",Ciudad de México,masculino,
"Alegría y Victoria, Adolfo Isaac",37,NA,1822,1892,"Sayula, Jalisco","Guadalajara, Jalisco",masculino,
"Duque de Estrada, Miguel",169457850,NA,1823,1852,"Campeche, Campeche","Campeche, Campeche",masculino,
"Rodríguez y Cos, José María",13,NA,1823,1899,"Tulancingo, Hidalgo",Ciudad de México,masculino,
"Severo del Castillo, José",309770841,NA,1824,1872,Ciudad de México,Ciudad de México,masculino,
"Rivera y San Román, Agustín",22281567,NA,1824,1916,"Lagos de Moreno, Jalisco","León, Guanajuato",masculino,
"Balbotin, Manuel",43,NA,1824,1894,Ciudad de México,Ciudad de México,masculino,
"Aznar Barbachano, Tomás",190891987,NA,1825,1896,"Campeche, Campeche","NA, NA",masculino,
"Castaños y Lazcano, Juan José",53,NA,1825,1864,"Tepic, Nayarit","San Francisco, EUA",masculino,
"Cisneros, José Antonio",70703174,NA,1826,1880,"Mérida, Yucatán","Mérida, Yucatán",masculino,
"Hidalgo Esnaurrizar, José Manuel",30872022,NA,1826,1896,Ciudad de México,"París, Francia",masculino,
"Aznar Barbachano, Luis",42,NA,1826,1849,"Mérida, Yucatán","NA, Campeche",masculino,
"Camacho y García, Rafael Sabas",51,NA,1826,1908,"Etzatlán, Jalisco","Querétaro, Querétaro",masculino,
"Pérez Ferrer, Pedro Ildefonso",146,NA,1826,1869,"Mérida, Yucatán","Mérida, Yucatán",masculino,
"Lira Ortega, Manuel",109,NA,1827,1882,"Tlaxcala, Tlaxcala","Puebla, Puebla",masculino,
"Pavón, José María",140,NA,1827,1900,Ciudad de México,Ciudad de México,masculino,
"Tovar, Pantaleón",233485278,NA,1828,1876,Ciudad de México,Ciudad de México,masculino,
"Castillo, Florencio del",19325831,NA,1828,1863,Ciudad de México,"Veracruz, Veracruz",masculino,
"Pesado, Isabel",173705023,NA,1828,1913,Ciudad de México,"París, Francia",femenino,
"Telles Rendón, María Nestora",160,NA,1828,1890,"San Juan del Río, Querétaro","Acámbaro, Michoacán",femenino,
"Barrón y Morales, Tomás",176,NA,1828,1898,"Tlatizapán, Morelos","León, Guanajuato",masculino,
"Biart, Luciano",46360,NA,1829,1897,"Versalles, Francia","París, Francia",masculino,extranjero
"Peredo, Manuel",169607138,NA,1830,1890,Ciudad de México,Ciudad de México,masculino,
"Trejo, Francisco Eulogio",4294816,NA,1830,1888,"Guadalajara, Jalisco","NA, NA",masculino,
"Villaseñor, Clemente",78956387,NA,1830,1879,"Guadalajara, Jalisco",Ciudad de México,masculino,
"Hermosa, Jesús",54029877,NA,1830,1880,Ciudad de México,"La Habana, Cuba",masculino,
"Hijar y Haro, Juan B.",307391938,NA,1830,1897,"Guadalajara, Jalisco",Ciudad de México,masculino,
"Villalobos, Joaquín",16,NA,1830,1879,Ciudad de México,Ciudad de México,masculino,
"Campis, Josefa Antonia",19,NA,1830,1906,"Cabo Rojo, Puerto Rico","NA, Puerto Rico",femenino,
"Domínguez, Manuel",61,NA,1830,1910,"Querétaro, Querétaro",Ciudad de México,masculino,
"Arriaga, José Joaquín",61058951,NA,1831,1896,"Puebla, Puebla",Ciudad de México,masculino,
"Zayas Guarneros, Pablo",46530579,NA,1831,1902,"Puebla, Puebla","Toluca, Estado de México",masculino,
"Ramírez Aparicio, Manuel",3941035,NA,1831,1867,"Reyes de Actzingo, Puebla",Ciudad de México,masculino,
"Sotomayor, José Francisco",1730542,NA,1831,1898,"Hacienda de la Sauceda, Zacatecas","Zacatecas, Zacatecas",masculino,
"Echaiz, Jesús",63,NA,1831,1883,"Maravatío, Michoacán",Ciudad de México,masculino,
"Gallardo, Aurelio Luis",80,NA,1831,1869,"León, Guanajuato","Napa, EUA",masculino,
"Domínguez, Norberto",310622452,NA,1832,18902,"NA, NA","NA, NA",masculino,
Romero- Félix,53702669,NA,1832,NA,"NA, NA","NA, NA",masculino,
"Zavala, Mauricio",171,NA,1832,1917,"San Luis Potosí, San Luis Potosí","Mérida, Yucatán",masculino,
"Plaza, Antonio ",244514707,NA,1833,1882,"Apasco, Guanajuato",Ciudad de México,masculino,
"Guerrero, Dolores",94,NA,1833,1858,"Durango, Durango","Durango, Durango",femenino,
"Alva, Manuel",173,NA,1833,1879,"Xalapa, Veracruz","Veracruz, Veracruz",masculino,
"Marmolejo, José María Lucio",33815980,NA,1834,1885,"León, Guanajuato","León, Guanajuato",masculino,
"Carrión, Antonio",306369862,NA,1834,1918,Ciudad de México,Ciudad de México,masculino,
"Calderón, Luis",6,NA,1834,1894,"Puebla, Puebla",Ciudad de México,masculino,
"Ramírez, José María",12,NA,1834,1892,Ciudad de México,Ciudad de México,masculino,
"Foucher, Manuel",77,NA,1835,1882,"Villahermosa, Tabasco","Villahermosa, Tabasco",masculino,
"Gómez, Rafael",86,NA,1835,1909,"Pátzcuaro, Michoacán",Ciudad de México,masculino,
"Paz Romero, Ramón",141,NA,1835,1911,"Tanancícuaro, Michoacán","Uruapan, Michoacán",masculino,
"Ambriz Moctezuma, Manuel ",174,NA,1835,1919,"Los Ramos, San Luis Potosí","San Luis Potosí, San Luis Potosí",masculino,
"Ancona, Eligio",4050957,NA,1836,1893,"Mérida, Yucatán",Ciudad de México,masculino,
"García Montero, José",82,NA,1836,1913,"Mérida, Yucatán","Mérida, Yucatán",masculino,
"Tercero, Juan Luis",43165725,NA,1837,1905,"Morelia, Michoacán","Ciudad Victoria, Tamaulipas",masculino,
"Torres, Mariano de Jesús",43486352,NA,1838,1922,"Morelia, Michoacán","Morelia, Michoacán",masculino,
"Barcena, Francisco",45,NA,1838,1866,"Valle de Santiago, Guanajuato","León, Guanajuato",masculino,
"Flores Alatorre, Francisco",75,NA,1838,1897,"Puebla, Puebla","Puebla, Puebla",masculino,
"Valle, Juan",166,NA,1838,1865,"Guanajuato, Guanajuato","Guanajuato, Guanajuato",masculino,
"Robelo, Cecilio",39414544,NA,1839,1916,Ciudad de México,"Cuernava, Morelos",masculino,
"Ponce, Luis",147,NA,1839,1875,"Acaxochitlán, Hidalgo","Tulancingo, Hidalgo",masculino,
"Flores, Manuel M.",23703570,NA,1840,1885,"San Andrés Chalchicomula, Puebla",Ciudad de México,masculino,
"García, Silverio",50902141,NA,1840,1920,"Guadalajara, Jalisco","Guadalajara, Jalisco",masculino,
"Estrada, Mariana",67,NA,1840,1896,"Cuitzeo, Michoacán","NA, NA",femenino,
"Fernández de Lara, José",72,NA,1840,1895,"Puebla, Puebla","Puebla, Puebla",masculino,
"Pérez Bibbing, Manuel",144,NA,1840,1892,"Durango, Durango","Monterrey, Nuevo León",masculino,
"Valle, Ramón",31641809,NA,1841,1901,"Guanajuato, Guanajuato","NA, NA",masculino,
"Zorrilla, Ovidio",172,NA,1841,1907,"Mérida, Yucatán","Mérida, Yucatán",masculino,
"Blasio, José Luis",76478159,NA,1842,1923,Ciudad de México,"París, Francia",masculino,
"Tapia de Castellanos, Esther",15,NA,1842,1897,"Morelia, Michoacán","NA, NA",femenino,
"Vallejo, Antonia",167,NA,1842,1940,"NA, NA","Guadalajara, Jalisco",femenino,
"García, Telesforo",54482494,NA,1844,1918,"NA, NA","NA, NA",masculino,
"Martínez, Ignacio",103898777,NA,1844,1891,"Villa de San Carlos, Tamaulipas","Laredo, EUA",masculino,
"Pavia, Lázaro",54055399,NA,1844,1933,"Sabán, Yucatán",Ciudad de México,masculino,
"Zentella, Arcadio",43337376,NA,1844,1920,"Cunduacán, Tabasco",Ciudad de México,masculino,
"Paniagua, Flavio Antonio",16411141,NA,1844,1911,"San Cristóbal de las Casas, Chiapas","San Cristóbal de las Casas, Chiapas",masculino,
"Fuentes y Betancourt, Emilio",79,NA,1845,1909,"NA, Cuba","Xalapa, Veracruz",masculino,
"Barragan de Toscano, Refugio",31933028,NA,1846,1916,"Tonila, Jalisco",Ciudad de México,femenino,
"Bravo López, Bernabé",2919,NA,1846,1900,"Choapan, Oaxaca",Ciudad de México,masculino,
"Cetina y Gutiérrez, Rita",7,NA,1846,1908,"Mérida, Yucatán","Mérida, Yucatán",femenino,
"Valle, Guillermo del",165,NA,1846,1917,"Guadalajara, Jalisco","Guadalajara, Jalisco",masculino,
"Bulnes, Francisco",42968637,NA,1847,1924,Ciudad de México,Ciudad de México,masculino,
"Peña, Rosario de la ",1870296,NA,1847,NA,"NA, NA","NA, NA",femenino,
"Castillo, Rafael del",314846904,NA,1847,1917,"San Luis Potosí, San Luis Potosí","San Luis Potosí, San Luis Potosí",masculino,
"Ledesma, Luis G.",298818136,NA,1847,1922,"Fresnillo, Zacatecas","Aguascalientes, Aguascalientes",masculino,
"Zayas Enriquez, Rafael de",66327123,NA,1848,1932,"Veracruz, Veracruz","Nueva York, EUA",masculino,
"Ramos y Duarte, Félix",3942226,NA,1848,NA,"San José de los Ramos, Cuba","NA, NA",masculino,
"Sánchez Santos, Mariano",17218138,NA,1848,1907,"San Pablo Zitlaltepec, Tlaxcala",Ciudad de México,masculino,
"Enciso, Cenobio",65,NA,1848,1903,"Tequila, Jalisco","Guadalajara, Jalisco",masculino,
"Moreno, Antonio de P. ",127,NA,1848,1920,"Amozac, Puebla","Guadalupe, Hidalgo",masculino,
"Collantes y Buenrostro, Juan",309830500,NA,1849,1916,Ciudad de México,Ciudad de México,masculino,
"Caballero, Manuel",17138300,NA,1849,1926,"Tequila, Jalisco",Ciudad de México,masculino,
"Maldonado, Alfosonso",115,NA,1849,NA,"Puebla, Puebla","NA, NA",masculino,
"Vanegas Arroyo, Antonio",38025083,NA,1850,1917,"Puebla, Puebla",Ciudad de México,masculino,
"Pérez Salazar, Ignacio",NA,NA,1850,1915,"Atixco, Puebla","Puebla, Puebla",masculino,
"Cuenca, Agustín F.",8,NA,1850,1884,Ciudad de México,Ciudad de México,masculino,
"Silva, Agapito",14,NA,1850,1896,"Chilchota, Michoacán",Ciudad de México,masculino,
"Gónzalez, Justo P.",91,NA,1850,1922,"Orizaba, Veracruz","Orizaba, Veracruz",masculino,
"Macedo, Pablo",3841983,NA,1851,1918,"NA, NA","NA, NA",masculino,
"Larrainzar, Enriqueta",87773763,NA,1851,1906,Ciudad de México,Ciudad de México,masculino,
"Mendizabal Tamborrel, José de",120600413,NA,1851,1933,"Puebla, Puebla",Ciudad de México,masculino,
"Arrese Falcón, José",40,NA,1851,1917,"Monterrey, Nuevo León","Matamoros, Tamaulipas",masculino,
"Cordero, Juan N. ",56,NA,1851,NA,Ciudad de México,Ciudad de México,masculino,
"Palma y Palma, Eulogio",138,NA,1851,1914,"Motul, Yucatán","Mérida, Yucatán",masculino,
"Baz, Gustavo Adolfo",8679405,NA,1852,1904,Ciudad de México,"París, Francia",masculino,
"Flores y Troncoso, Francisco de Asís",273841765,NA,1852,1931,"Silao, Guanajuato",Ciudad de México,masculino,
"Alfaro, Anselmo",38,NA,1852,NA,Ciudad de México,"NA, NA",masculino,
"Domínguez, Ricardo",2979,NA,1852,1894,"Orizaba, Veracruz","NA, NA",masculino,
"Garza, Juan B.",85,NA,1852,1916,"Toluca, Estado de México","Toluca, Estado de México",masculino,
"Rivera, Felipe",150,NA,1852,1920,"Zinapécuaro, Michoacán","Zinapécuaro, Michoacán",masculino,
"Torre Hurtado, Juan de la",162,NA,1852,1920,"Tacámbaro, Michoacán",Ciudad de México,masculino,
"Correa Zapata, Dolores",73472872,NA,1853,1924,"Teapa, Tabasco",Ciudad de México,femenino,
"García Rojas, Manuel",45947770,NA,1853,1914,"Taretan, Michoacán","Tacámbaro, Michoacán",masculino,
"Méndez de Cuenca, Laura",41551553,NA,1853,1928,"Amecameca, Estado de México",Ciudad de México,femenino,
"Zarate, Eduardo Emilio",17,NA,1853,1913,"Xalapa, Veracruz",Ciudad de México,masculino,
"Arroyo de Anda y Reyes, Francisco",41,NA,1853,NA,"Guadalajara, Jalisco","NA, NA",masculino,
"Pérez de García Torres, Josefina",145,NA,1853,1894,"Xalapa, Veracruz",Ciudad de México,femenino,
"Larrainzar, María Ernestina",87773785,NA,1854,1925,"Roma, Italia",Ciudad de México,masculino,extranjero
"Agüeros, Victoriano",26132018,NA,1854,1911,"Tlachapa, Guerrero","París, Francia",masculino,
"Fenochio, Arturo",70,NA,1854,NA,"Oaxaca, Oaxaca","NA, NA",masculino,
"González, Manuel M.",92,NA,1854,1897,"Guadalajara, Jalisco","Guadalajara, Jalisco",masculino,
"Santa María, Javier",155,NA,1854,1910,Ciudad de México,"NA, NA",masculino,
"Ceniceros y Villareal, Rafael",78557534,NA,1855,1933,"Zacatecas, Zacatecas",Ciudad de México,masculino,
"Pérez, José Trinidad",56414095,NA,1855,1905,"Morelia, Michoacán","Morelia, Michoacán",masculino,
"Negrete, José",131,NA,1855,1883,"Bruselas, Bélgica","Tépic, Nayarit",masculino,
"Rodríguez, Joaquín José María",152,NA,1855,19NA,"Xalapa, Veracruz","NA, NA",masculino,
"Zaragoza, Antonio",170,NA,1855,1910,"Guadalajara, Jalisco","Tepic, Nayarit",masculino,
"Portillo, Miguel",11,NA,1856,NA,Ciudad de México,"NA, NA",masculino,
"Acal Ilizaliturri, Jesús",35,NA,1856,1902,"Guadalajara, Jalisco","Guadalajara, Jalisco",masculino,
"Pérez Verdia, Luis",55621582,NA,1857,1914,"Guadalajara, Jalisco","NA, Guatemala",masculino,
"Santoscoy, Alberto",25384648,NA,1857,1906,"Guadalajara, Jalisco","Guadalajara, Jalisco",masculino,
"Correa Zapata, Juan",57,NA,1857,1946,"Teapa, Tabasco",Ciudad de México,masculino,
"Juanes G. Gutiérrez, Fernando",104,NA,1857,1900,"Mérida, Yucatán","París, Francia",masculino,
"Lavat, Juan",107,NA,1857,1911,"Cedros, San Luis Potosi","Guadalajara, Jalisco",masculino,
"Ramírez Terrazas, Ambrosio",148,NA,1857,1913,"Villa de los Reyes, San Luis Potosí","San Luis Potosí, San Luis Potosí",masculino,
"Arriaga, Alberto F. ",53940368,NA,1858,NA,"Guadalajara, Jalisco","NA, NA",masculino,
"Cabrera, Daniel",9572811,NA,1858,1914,"Zacatlán, Puebla","Tomatlán, Puebla",masculino,
"Lartigue, Aurelio",106,NA,1858,1937,"Galeana, Nuevo León","Monterrey, Nuevo León",masculino,
"Bianchi, Alberto  G. ",309772207,NA,1859,1904,Ciudad de México,Ciudad de México,masculino,fue encarcelado por denunciar al gobierno
"Aldana Hernández, Ruperto J.",214323929,NA,1859,1896,"NA, Jalisco","Guadalajara, Jalisco",masculino,
"Quevedo y Zubieta, Salvador",69081812,NA,1859,1935,"Guadalajara, Jalisco",Ciudad de México,masculino,
"Neve, Francisco",304119663,NA,1859,1943,"Puebla, Puebla","Puebla, Puebla",masculino,
"Sánchez Santos, Trinidad",299387795,NA,1859,1912,"Huemantla, Tlaxcala",Ciudad de México,masculino,
"Ulloa, Ambrosio",106924246,NA,1859,NA,"Guadalajara, Jalisco","NA, NA",masculino,
"Brioso, Manuel C.",2,NA,1859,1945,"Oaxaca, Oaxaca",Ciudad de México,masculino,
"Elguerro, Francisco",64,NA,1859,1932,"Morelia, Michoacán","Morelia, Michoacán",masculino,
"Garza Flores, Jesús",84,NA,1859,1921,"Salinas Victoria, Nuevo León","Monterrey, Nuevo León",masculino,
"Luchichi, Ignacio M.",114,NA,1859,1918,"Tlacotalpan, Veracruz",Ciudad de México,masculino,
"Alvarez del Castillo, Manuel",70502434,NA,1860,1887,"Guadalajara, Jalisco","Guadalajara, Jalisco",masculino,
"Castro, Francisco de Asís",2398151,NA,1860,1933,"San Francisco del Real de los Pozos, San Luis Potosí","NA, NA",masculino,
"Murillo, Josefa",95941817,NA,1860,1898,"Tlacotalpan, Veracruz","Tlacotalpan, Veracruz",masculino,
"Puga y Acal, Manuel",5188334,NA,1860,1930,"Guadalajara, Jalisco",Ciudad de México,masculino,
"Castro, Juan S. ",315194524,NA,1860,1920,"Ayotlán, Jalisco","Guadalajara, Jalisco",masculino,
"Morales Zaragoza, Ignacio",126,NA,1860,1927,"Monterrey, Nuevo León",Ciudad de México,masculino,
"Valdespino y Díaz, Ignacio",26707335,NA,1861,1928,"Chalchihuites, Zacatecas","San Antonio, EUA",masculino,
"González León, Francisco",39436086,NA,1862,1942,"Lagos de Moreno, Jalisco","Lagos de Moreno, Jalisco",masculino,
"Moreno y Oviedo, Antonio",200188676,NA,1862,1942,"Lagos de Moreno, Jalisco",Ciudad de México,masculino,
"Frías y Frías, Valentín",100964738,NA,1862,1926,"Querétaro, Querétaro","Querétaro, Querétaro",masculino,
"Revilla, Manuel Gustavo",70272099,NA,1863,1924,Ciudad de México,Ciudad de México,masculino,
"Esteva, Adalberto",58174472,NA,1863,1914,"NA, NA","NA, NA",masculino,
"Moreno Canton, Delio",43689635,NA,1863,1916,"Valladolid, Yucatán",Ciudad de México,masculino,
"Sustaita, Alberto",29373147,NA,1863,1909,"San Luis Potosí, San Luis Potosí","San Luis Potosí, San Luis Potosí",masculino,
"Junco de la Vega, Celedonio",221058003,NA,1863,1948,"Matamoros, Tamaulipas","Monterrey, Nuevo León",masculino,
"Guadalajara, José Rafael",93,NA,1863,NA,Ciudad de México,"NA, NA",masculino,
"Esquivel Obregón, Toribio",71451573,NA,1864,1946,"NA, NA","NA, NA",masculino,
"Barrios de los Ríos, José María",58307516,NA,1864,1903,"Zacatecas, Zacatecas","Cananea, Sonora",masculino,
"Garza Cantú, Rafael",53416849,NA,1864,1912,"Abasolo, Nuevo León",Ciudad de México,masculino,
"Villaseñor y Villaseñor, Alejandro",42097921,NA,1864,1912,Ciudad de México,Ciudad de México,masculino,
"Martínez Alomia, Gustavo",41080700,NA,1864,1912,"Campeche, Campeche","Veracruz, Veracruz",masculino,
"Rangel, Nicolás",298699992,NA,1864,1935,"León, Guanajuato","Cuernava, Morelos",masculino,
"Cabrera, Primitivo",5,NA,1864,1949,"San Luis Potosí, San Luis Potosí","Santiago Tianguistengo, México",masculino,
"Becerra, José",46,NA,1864,1942,"Lagos de Moreno, Jalisco","Lagos de Moreno, Jalisco",masculino,
"Orozco y Gómez, Manuel",134,NA,1864,1889,"Morelia, Michoacán","Morelia, Michoacán",masculino,
"Valverde Telles, Emetrio",168,NA,1864,1948,"Villa del Carbón, Estado de México","León, Guanajuato",masculino,
"Ferrel y Félix, José",74,NA,1865,1954,"Hermosillo, Sonora",Ciudad de México,masculino,
"Olmedo y Piña, Adolfo",133,NA,1865,1922,"Toluca, Estado de México",Ciudad de México,masculino,
"Rodríguez Beltrán, Cayetano",40413104,NA,1866,1939,"Tlacotalpan, Veracruz","Xalapa, Veracruz",masculino,
"Peón del Valle, José",310754543,NA,1866,1924,"Orizaba, Veracruz","Nueva York, EUA",masculino,
"Bustillos, José María",2920,NA,1866,1899,Ciudad de México,"NA, NA",masculino,
"Gutiérrez y Cornejo, José Salomé",95,NA,1866,1909,"Jalostotitlán, Jalisco","Guadalajara, Jalisco",masculino,
"Manzano G., Teodomiro",116,NA,1866,1956,"Real del Monte, Hidalgo","Pachuca, Hidalgo",masculino,
"Nambo, Rafael",129,NA,1866,1934,"Pátzcuaro, Michoacán","Pátzcuaro, Michoacán",masculino,
"López, Carlos",112,NA,1867,1894,"Tacámbaro, Michoacán",Ciudad de México,masculino,
"Martínez Onofgre, Ángel",117,NA,1867,NA,"Valle de Santiago, Guanajuato","NA, NA",masculino,
"Paz, Arturo",3153,NA,1867,1915,"Mazatlán, Sinaloa",Ciudad de México,masculino,
"Chávez, Ezequiel A. ",71517953,NA,1868,1946,"NA, NA","NA, NA",masculino,
"Navarro Velarde, Fernando",130,NA,1868,1926,"Guadalajara, Jalisco",Ciudad de México,masculino,
"Segale, Atenogenes",156,NA,1868,1903,"Zamora, Michoacán","Toluca, Estado de México",masculino,
"Barrero Argüelles, Manuel",175,NA,1868,1932,"Matamoros, Tamaulipas","Monterrey, Nuevo León",masculino,
"Santibáñez, Enrique",68543410,NA,1869,NA,"NA, NA","NA, NA",masculino,
"Pino Suárez, José María",216397278,NA,1869,1913,"Tenosique, Tabasco",Ciudad de México,masculino,
"Becerra, Marcos E.",263459,NA,1870,1940,"Teapa, Tabasco",Ciudad de México,masculino,
"Fentanes, Benito",24243379,NA,1870,1953,"Cosamaloapan, Veracruz","Veracruz, Veracruz",masculino,
"Macedo y Arbeu, Eduardo",21943274,NA,1870,1943,Ciudad de México,Ciudad de México,masculino,
"Cuevas, Alejandro",14611114,NA,1870,1940,Ciudad de México,Ciudad de México,masculino,
"Febles, Julia Dominga",69,NA,1870,1940,"Mérida, Yucatán","Mérida, Yucatán",femenino,
"Medina, Rafael",120,NA,1870,1914,Ciudad de México,Ciudad de México,masculino,
"Rivera, Columba",149,NA,1870,1943,"Atotonilco el Chico, Hidalgo",Ciudad de México,femenino,
"Celada, Fernando",170153922,NA,1871,1929,Ciudad de México,Ciudad de México,masculino,xochimilco
"Gómez Haro, Eduardo",7040088,NA,1871,1938,"Puebla, Puebla",Ciudad de México,masculino,
"Davalos, Marcelino",51293930,NA,1871,1923,"Guadalajara, Jalisco",Ciudad de México,masculino,
"Pereyra, Carlos ",34478009,NA,1871,1942,"Saltillo, Coahuila","Madrid, España",masculino,
"Sesto, Julio",13770092,NA,1871,1960,"Rosal, España","Cuautla, Morelos",masculino,
"Carriedo, Adalberto",75369748,NA,1872,1911,"Oaxaca, Oaxaca","Oaxaca, Oaxaca",masculino,
"Menéndez, Carlos R. ",309767896,NA,1872,1961,"Tixkukub, Yucatán","Mérida, Yucatán",masculino,
"Márquez Sterling, Manuel",100904477,NA,1872,1934,"Lima, Perú","Washington, EUA",masculino,
"Arredondo Muñozledo, Benjamín",287582751,NA,1873,1906,"Celaya, Guanajuato","NA, NA",masculino,
"Ceballos, Ciro B",28477415,NA,1873,1938,Ciudad de México,Ciudad de México,masculino,en tacubaya
"Azuela, Mariano",22181589,NA,1873,1952,"Lagos de Moreno, Jalisco",Ciudad de México,masculino,
"Toro, Alfonso",313563881,NA,1873,1952,"Zacatecas, Zacatecas",Ciudad de México,masculino,
"Rosado Vega, Luis",24178497,NA,1873,1958,"Chemax, Yucatán","Mérida, Yucatán",masculino,
"Peña y Troncoso, Gonzalo",163773223,NA,1873,1940,Ciudad de México,"Cuautla, Morelos",masculino,
"Terrazas, Silvestre",15030442,NA,1873,1944,"Chihuahua, Chihuahua","Chihuahua, Chihuahua",masculino,
"Bello Martínez, Ernesto",47,NA,1873,1951,"Teziután, Puebla","NA, NA",masculino,
"Flores Magón, Ricardo",76,NA,1873,1922,"San Antonio Eloxochitlán, Oaxaca","Leavenworth,  EUA",masculino,
"García, José",83,NA,1873,1962,"Monterrey, Nuevo León","Monterrey, Nuevo León",masculino,
"López, Rafael",113,NA,1873,1943,"Guanajuato, Guanajuato",Ciudad de México,masculino,
"Correa, Eduardo",11497470,NA,1874,1964,"Aguascalientes, Aguascalientes",Ciudad de México,masculino,
"Moheno, Querido",50926116,NA,1874,1935,"Pichucalco, Chiapas",Ciudad de México,masculino,
"Calcaneo Díaz, Andrés",48,NA,1874,1914,"Villahermosa, Tabasco","Villahermosa, Tabasco",masculino,
"Farías y Álvarez del Castillo, Ixca",68,NA,1874,1948,"Guadalajara, Jalisco","Guadalajara, Jalisco",masculino,
"Gómez Ugarte, José",3031,NA,1874,1943,"Ciudad Guzmán, Jalisco",Ciudad de México,masculino,
"Camarillo de Pereyra, María Enriqueta",38498145,NA,1875,1968,"Coatepec, Veracruz",Ciudad de México,femenino,
"Vargas, Fulgencio",73090813,NA,1875,1962,"Jaral del Progreso, Guanajuato","Guanajuato, Guanajuato",masculino,
"Murillo, Gerardo",5202256,NA,1875,1964,"Guadalajara, Jalisco",Ciudad de México,masculino,
"Plascencia, Alfredo R. ",43412582,NA,1875,1930,"Jalostotitlán, Jalisco","Guadalajara, Jalisco",masculino,
"García Rodríguez, José",309849005,NA,1875,1948,"Saltillo, Coahuila","Saltillo, Coahuila",masculino,
"Martínez Alomia, Salvador",297287986,NA,1875,1920,"Campeche, Campeche",Ciudad de México,masculino,
"Barajas, Carlos",44,NA,1875,1918,"Guanajuato, Guanajuato",Ciudad de México,masculino,
"Toro, Carlos",161,NA,1875,1914,"Zacatecas, Zacatecas",Ciudad de México,masculino,
"Sánchez Azcona, Juan",55278054,NA,1876,1938,"NA, NA","NA, NA",masculino,
"Cordero, Salvador",138804479,NA,1876,1951,Ciudad de México,Ciudad de México,masculino,
"Cabrera, Luis",5361694,NA,1876,1954,"Zacatlán, Puebla",Ciudad de México,masculino,
"Zapata Cano, Rosaura",45976261,NA,1876,1963,"La Paz, Baja California Sur",Ciudad de México,femenino,
"González Carrasco, Aurelio",309737168,NA,1876,1938,"Matamoros, Tamaulipas",Ciudad de México,masculino,
"Morales Puente, Armando",125,NA,1876,1942,Ciudad de México,Ciudad de México,masculino,
"Urzais, Eduardo",163,NA,1876,1955,"Gunabacoa, Cuba","Mérida, Yucatán",masculino,
"Rebolledo, Efrén",33140203,NA,1877,1929,"Actopan, Hidalgo","Madrid, España",masculino,
"Iberri, Alfonso",173544876,NA,1877,1964,"Guaymas, Sonora","Guaymas, Sonora",masculino,
"Sobreyra Ortiz, José",159,NA,1877,1925,"Morelia, Michoacán",Ciudad de México,masculino,
"Arenas López, Donato",58326838,NA,1878,1906,"Panindícuaro, Michoacán","Morelia, Michoacán",masculino,
"Salazar, Abel C.",90514482,NA,1878,1925,"Tenango del Valle, Estado de México",Ciudad de México,masculino,
"Parra, Manuel de la",309570778,NA,1878,1930,"Sombrerete, Zacatecas",Ciudad de México,masculino,
"Farias de Isassi, Teresa",2272062,NA,1878,1907,"Saltillo, Coahuila","San Luis Potosí, San Luis Potosí",femenino,
"Gamboa, José Joquín",81,NA,1878,1931,Ciudad de México,Ciudad de México,masculino,
"Castillo Ledón, Luis",68008087,NA,1879,1944,"Santiago Ixcuintla, Nayarit",Ciudad de México,masculino,
"Rubio, Darío",70549595,NA,1879,1952,"Mineral de la luz, Guanajuato",Ciudad de México,masculino,
"Herrasti, Francisco de Padua",100,NA,1879,1940,Ciudad de México,Ciudad de México,masculino,
"Anda, José Guadalupe de",77769799,NA,1880,1950,"San Juan de los Lagos, Jalisco",Ciudad de México,masculino,
"Bolio de Peón, Dolores",73008560,NA,1880,1950,"Mérida, Yucatán","NA, NA",femenino,
"Couto Castillo, J. Bernardo",43370886,NA,1880,1901,Ciudad de México,Ciudad de México,masculino,
"Elizondo, José F.",58706703,NA,1880,1943,"Aguascalientes, Aguascalientes",Ciudad de México,masculino,
"Rubio, José Rafael",169694878,NA,1880,1916,"Zamora, Michoacán","San Antonio, EUA",masculino,
"Valton, Emilio",13915066,NA,1880,1963,"Salvatierra, Guanajuato","Los Ángeles, EUA",masculino,
"Ortiz Vidales, José",135,NA,1880,1905,"Taretan, Michoacán","Morelia, Michoacán",masculino,
"Alba, Amando J. De",29317754,NA,1881,1942,"NA, Jalisco","NA, Jalisco",masculino,
"Palacios Mendoza, Enrique",89278679,NA,1881,1953,Ciudad de México,Ciudad de México,masculino,
"García Jurado, Manuel",172544452,NA,1881,1920,"Palizada, Campeche","La Habana, Cuba",masculino,
"Vasconcelos, José",59102568,NA,1881,1959,"Oaxaca, Oaxaca",Ciudad de México,masculino,
"Iturbide, Alfredo",103,NA,1881,1906,"Morelia, Michoacán","Morelia, Michoacán",masculino,
"Martínez, Rafael",119,NA,1881,1949,Ciudad de México,"Guadalajara, Jalisco",masculino,
"Fabela, Isidro",100240980,NA,1882,1964,"Atlacomulco, Estado de México",Ciudad de México,masculino,
"González, Héctor",89,NA,1882,1948,"Monterrey, Nuevo León","Monterrey, Nuevo León",masculino,
"García Naranjo, Nemesio",68510725,NA,1883,1962,"Lampazos de Naranjo, Nuevo León",Ciudad de México,masculino,
"Cossio, David Alberto",50657103,NA,1883,1938,"San Luis Potosí, San Luis Potosí",Ciudad de México,masculino,
"Cuevas, Rafael",78722412,NA,1883,1942,Ciudad de México,Ciudad de México,masculino,
"Ancona Albertos, Antonio",75825882,NA,1883,1954,"Mérida, Yucatán",Ciudad de México,masculino,
"Agüeros y de la Portilla, Agustín",36,NA,1883,1917,Ciudad de México,Ciudad de México,masculino,
"Hoz, Santiago de la ",101,NA,1883,1914,"Veracruz, Veracruz","Laredo, EUA",masculino,
"Cabrera, Rafael",65113174,NA,1884,1894,"Puebla, Puebla",Ciudad de México,masculino,
"Caloca, Lauro G.",50,NA,1884,1956,"San Juan Bautista del Teúl, Zacatecas","Zacatecas, Zacatecas",masculino,
"Mediz Bolio Contarrel, Antonio",121,NA,1884,1957,"Mérida, Yucatán",Ciudad de México,masculino,
"González Peña, Carlos",24688679,NA,1885,1955,"Lagos de Moreno, Jalisco",Ciudad de México,masculino,
"Castillo, Ignacio B. Del",99846300,NA,1886,1966,"Orizaba, Veracruz",Ciudad de México,masculino,
"Castillo Najera, Francisco",17232348,NA,1886,1954,"Durango, Durango",Ciudad de México,masculino,
"Espinosa López, Luis",308697670,NA,1886,1926,"Ocazacuautla, Chiapas","Tuxtla Gutiérrez, Chiapas",masculino,
"Guzmán, Martín Luis",91635523,NA,1887,1976,"Chihuahua, Chihuahua",Ciudad de México,masculino,
"Estrada Félix, Genaro",64014519,NA,1887,1937,"Mazatlán, Sinaloa",Ciudad de México,masculino,
"Barrera Treviño, Carlos",100233143,NA,1888,1970,"Monterrey, Nuevo León","Monterrey, Nuevo León",masculino,
"López Velarde, Ramón",68976435,NA,1888,1921,"Jerez, Zacatecas",Ciudad de México,masculino,
"Méndez Rivas, Joaquín",285899988,NA,1888,1966,Ciudad de México,Ciudad de México,masculino,
"Mimenza Castillo, Ricardo",200143578,NA,1888,1943,"Mérida, Yucatán","Mérida, Yucatán",masculino,
"Reyes, Alfonso",29555218,NA,1889,1959,"Monterrey, Nuevo León","Real de Álamos, Sonora",masculino,
"González, Julián",90,NA,1889,1936,"Minas Prietas, Sonora",Ciudad de México,masculino,
"Romero, José Rubén",22937815,NA,1890,1952,"Cotija de la Paz, Michoacán",Ciudad de México,masculino,
"Muro Rocha, Manuel",128,NA,18439,1911,"San Luis Potosí, San Luis Potosí","San Luis Potosí, San Luis Potosí",masculino,
"Rubio Alpuche, Néstor",280901823,NA,NA,NA,"NA, NA","NA, NA",masculino,
"Martínez Sobral, Enrique",233628963,NA,NA,NA,"NA, NA","NA, NA",masculino,
"Cardoso, Joaquín",73009097,NA,NA,NA,"NA, NA","NA, NA",masculino,
"Téllez, Joaquín",63747316,NA,NA,NA,"NA, NA","NA, NA",masculino,
"Escalante, Felix María",51094748,NA,NA,NA,"NA, NA","NA, NA",masculino,
"Gondra, Isidro Rafael",864125,NA,NA,1861,Ciudad de México,Ciudad de México,masculino,
"Betanzo, Francisca",219790212,NA,NA,NA,"Tehuacán, Puebla","NA, NA",femenino,
"González de la Vega, José María ",187026623,NA,NA,NA,"NA, NA","NA, NA",masculino,
"Anievas, José Ignacio",19606216,NA,NA,1875,"NA, NA",Ciudad de México,masculino,
"Arróniz, Marcos",7271460,NA,NA,1858,"Orizaba, Veracruz","San Martín Texmelucan, Puebla",masculino,
"Bezanilla y Mier, José Mariano",2291164,NA,NA,NA,"Zacatecas, Zacatecas","NA, NA",masculino,
"Loyola, Bernabé",70645287,NA,NA,NA,"Tlalpujahua, Michoacán",NA,masculino,
"Kegel, Federico Carlos",71176394,NA,NA,1907,"Lagos de Moreno, Jalisco","Guadalajara, Jalisco",masculino,
"Vergez, José F.",58425647,NA,NA,NA,"NA, NA","NA, NA",masculino,
"Mata, Gonzalo de la ",49035605,NA,NA,NA,"NA, NA","NA, NA",masculino,
"Villaseñor y Cervantes, José María",38400406,NA,NA,NA,"NA, NA","NA, NA",masculino,
"Morales, Vicente",314905449,NA,NA,1915,"NA, NA","NA, NA",masculino,
"Suárez, Constancio S",309737127,NA,NA,NA,"NA, NA","NA, NA",masculino,
"Moreno y Buenvecino, José María",309614978,NA,NA,NA,"Querétaro, Querétaro","NA, NA",masculino,
"Torres, Eugenia",300090802,NA,NA,1935,Ciudad de México,Ciudad de México,femenino,
"Ulloa, Miguel",244127255,NA,NA,NA,"NA, NA","NA, NA",masculino,
"Escalante Palma, Pedro",21933122,NA,NA,1904,"Mérida, Yucatán",Ciudad de México,masculino,
"Elizaga, Lorenzo",219085872,NA,NA,1883,"NA, NA","NA, NA",masculino,
"Riviere, Edmond",173561493,NA,NA,NA,"NA, NA","NA, NA",masculino,
"Rivera y Río, José",17138448,NA,NA,1891,"NA, NA","NA, NA",masculino,
"Veral, Angel",169371203,NA,NA,NA,"NA, NA","NA, NA",masculino,
"Losada, Juan Miguel de",137635026,NA,NA,1856,"La Habana, Cuba",Ciudad de México,masculino,
"Lerdo, Francisco de A.",9,NA,NA,NA,"NA, NA","NA, NA",masculino,
"Martínez de Castro, Manuel",10,NA,NA,NA,"NA, NA","NA, NA",masculino,
"Ocampo de Mata, Josefina",18,NA,NA,NA,"NA, NA","NA, NA",femenino,
"Poulet, Carolina",20,NA,NA,NA,"NA, NA","NA, NA",femenino,
"O'Horan, Carolina",21,NA,NA,NA,"NA, NA","NA, NA",femenino,
"Figueroa, Josefina",22,NA,NA,NA,"NA, NA","NA, NA",femenino,
"Pacheco, Eduwiges",23,NA,NA,NA,"NA, NA","NA, NA",femenino,
"Peña, Francisca",24,NA,NA,NA,"NA, NA","NA, NA",femenino,
"Puerto y Bonilla, Matilde",25,NA,NA,NA,"NA, NA","NA, NA",femenino,
"Inclán, Julia",26,NA,NA,NA,"NA, NA","NA, NA",femenino,
"Inclán de Zamacona, Joaquina",27,NA,NA,NA,"NA, NA","NA, NA",femenino,
Guido Sánchez,28,NA,NA,NA,"NA, NA","NA, NA",femenino,
"Inclán, Concepción",29,NA,NA,NA,"NA, NA","NA, NA",femenino,
"Moreno, María del Pilar",30,NA,NA,NA,"NA, NA","NA, NA",femenino,
"Zárate, Clotilda",31,NA,NA,NA,"NA, NA","NA, NA",femenino,
"Verna, Manuela",32,NA,NA,NA,"NA, NA","NA, NA",femenino,
"Ossaye, Ana",33,NA,NA,NA,"NA, NA","NA, NA",femenino,
"Mariscal, Laura",34,NA,NA,NA,"NA, NA","NA, NA",femenino,
"Cellard, Ricardo",55,NA,NA,1895,"NA, Ecuador","Monterrey, Nuevo León",masculino,
"Domínguez, Juan de Dios",60,NA,NA,NA,"NA, NA","NA, NA",masculino,
"Espinosa, Julio",66,NA,NA,1887,"NA, NA","NA, NA",masculino,
"Franco y Carrasquedo, Agustín A. ",78,NA,NA,NA,"NA, NA","NA, NA",masculino,
"Gómez Vergara, Joaquín",88,NA,NA,1894,"Guadalajara, Jalisco",Ciudad de México,masculino,
"Hernández, Carlos",97,NA,NA,1920,"Durango, Durango","San Antonio, EUA",masculino,
"Hernández, Fortunato",98,NA,NA,NA,"NA, NA","NA, NA",masculino,
"Hernández, Juan José",99,NA,NA,NA,"Valladolid, Yucatán","NA, NA",masculino,
"Irigoyen, Lara",102,NA,NA,NA,"Mérida, Yucatán","NA, EUA",masculino,
"Leal, Emilio R. ",108,NA,NA,1884,"Aguascalientes, Aguascalientes",Ciudad de México,masculino,
"Llanas, Pedro L.",110,NA,NA,NA,"NA, NA","NA, NA",masculino,
"López Evia, Lorenzo",111,NA,NA,1922,"Mérida, Yucatán","Mérida, Yucatán",masculino,
"Mejía, Demetrio",122,NA,NA,1913,"Oaxaca, Oaxaca",Ciudad de México,masculino,
"Meléndez y Muñoz, Mariano",123,NA,NA,NA,"NA, NA","NA, NA",masculino,
"Panes, Manuel M",139,NA,NA,1903,"NA, NA",Ciudad de México,masculino,
"Penagos, Ranulfo",143,NA,NA,NA,"Ococingo, Chiapas","NA, NA",masculino,
"Robles, Pedro",151,NA,NA,NA,"NA, NA","NA, NA",masculino,
"Rodríguez, Manuel Filomeno",153,NA,NA,1884,"NA, NA",Ciudad de México,masculino,
"Segarra, José",157,NA,NA,NA,"Valencia, España","NA, NA",masculino,
